<?xml version="1.0" encoding="UTF-8" ?>
<!DOCTYPE mapper PUBLIC "-//mybatis.org//DTD Mapper 3.0//EN" "http://mybatis.org/dtd/mybatis-3-mapper.dtd" >
<mapper namespace="com.KafkaConsumer.dao.InfoGetDao">
	<resultMap id="BaseResultMap"
		type="com.KafkaConsumer.entity.InfoGet">
		<result column="id" property="id" />
		<result column="name" property="name" />
		<result column="age" property="age" />
	</resultMap>

	<parameterMap id="User"
		type="com.KafkaConsumer.entity.InfoGet" />

	<sql id="Base_Column_List">
		id, name, age
	</sql>

	<insert id="insert" parameterType="java.util.List"
		useGeneratedKeys="true">
		insert into infoGet (name,age)
		values
		<foreach collection="list" item="item" index="index"
			separator=",">
			<!-- foreach的主要用在构建in条件中，它可以在SQL语句中进行迭代一个集合 -->
			(#{item.name},#{item.age})
		</foreach>
	</insert>
</mapper>
